"","year","player_name","ranking","top_10","wins","score_average","rounds","bounce_back","driving_accuracy","driving_distance","gir","hole_proximity","x_of_attempts","putts_round","scramble","sg_putt","sg_t2g","sg_total","sg_approach","sg_tee","sg_ar","par4_sa","par3_sa","par5_sa","covered_tee","left_rough","right_rough","fair_bunk","gir_fair","gir_not_fair","prox_fair","prox_rough","go_for_green","sand_save","prox_arg","putt_25","putt15_25","putt10_15","putt_10","finround_sa"
"1",2022,"Aaron Rai","81",1,0,70.918,47,25.41,66.92,292.6,68.2,"19,570.000",553,29.26,60.59,-0.318,0.381,0.063,0.368,0.129,-0.116,4.03,3.05,4.57,61.7,14.08,13.15,3.1,77.57,58.33,"31' 4""","46' 11""",31.58,52.31,"7' 4""",2.42,12.82,25.3,87.39,71.38
"2",2022,"Aaron Wise","49",2,0,70.556,40,17.39,57.94,303.3,70,"22,614.167",624,28.93,62.96,-0.26,0.901,0.641,0.421,0.405,0.075,4.01,2.96,4.57,63.7,12.79,16.77,6.3,81.31,54.94,"30' 7""","42' 1""",21.11,44.23,"7' 0""",1.28,14.84,33.68,87.64,69.88
"3",2022,"Abraham Ancer","45",2,0,71.417,39,28.36,67.99,295.1,68.3,"18,760.167",496,28.29,64.95,0.017,-0.257,-0.24,-0.063,0.229,-0.423,3.97,2.97,4.57,63.26,7.61,15.74,5.6,76,51.63,"32' 10""","46' 1""",21.11,48,"7' 2""",4.27,13.83,28.57,88.59,70.43
"4",2022,"Adam Hadwin","46",3,0,70.609,46,13.64,66.51,293.3,71.5,"19,544.250",574,29.07,66.95,0.365,0.73,1.095,0.553,-0.126,0.303,3.97,2.97,4.59,62.71,10.68,13.18,6.1,79.06,57.48,"29' 10""","44' 3""",26.39,68.75,"5' 10""",5.63,15.45,38.37,89.12,69.9
"5",2022,"Adam Long","T96",0,0,70.851,49,28.23,62.72,290,63.83,"26,032.083",663,28.16,63.95,0.63,-0.388,0.243,-0.303,-0.099,0.014,4.01,3.02,4.66,61.23,14.68,14.68,5.1,75.47,47.62,"34' 0""","50' 4""",10,54.76,"8' 0""",7.55,20,40,88.08,70.22
"6",2022,"Adam Schenk","T201",2,0,71.533,47,17.61,52.31,302.2,63.48,"23,760.417",606,28.6,59.22,0.212,-0.871,-0.659,-0.05,-0.252,-0.569,4.06,3.06,4.72,62.98,14.96,19.23,8.3,71.39,53.07,"33' 5""","49' 10""",15,36.14,"9' 0""",5.06,14.75,33.33,89.84,72.43
"7",2022,"Adam Scott","29",3,0,70.239,34,30.43,53.13,310.2,67.59,"19,281.917",514,28.57,60.57,0.602,0.265,0.867,0.374,0.111,-0.221,3.98,3.04,4.54,64.66,15.25,18.5,7.5,81.9,56.41,"30' 4""","50' 8""",28.4,56.25,"8' 4""",5.93,16.38,36.99,89.25,70
"8",2022,"Adam Svensson","149",2,0,71.346,48,24.46,62.41,290.9,69.21,"19,525.750",570,29.56,56.02,-0.379,0.106,-0.273,0.322,-0.069,-0.147,4.04,3.03,4.62,61.37,13.41,18.18,7.3,78.8,56,"30' 6""","42' 8""",21.43,41.98,"7' 6""",9.56,17.5,32.32,84.65,72.22
"9",2022,"Alex Noren","92",2,0,70.443,44,29.63,55.65,296.6,66.94,"19,586.167",519,28.44,68.44,0.416,0.43,0.846,0.287,-0.006,0.148,4,2.96,4.57,62.15,11.59,17.88,10.1,76.19,52.19,"33' 1""","45' 0""",23.19,57.63,"6' 6""",8.7,15.84,38.57,88.15,69.89
"10",2022,"Alex Smalley","51",1,0,70.831,51,23.77,62.23,303.8,69.06,"23,705.750",661,29.29,61.62,-0.123,0.071,-0.052,-0.124,0.284,-0.09,4,3.04,4.63,63.04,15.23,17.19,5.5,76.14,58.05,"31' 5""","44' 5""",19.74,54.41,"8' 0""",3.82,18.06,26.53,87.1,70.2
"11",2022,"Andrew Landry","191",2,0,72.484,26,19.48,66.3,285,64.1,"11,672.167",302,28.62,55.95,0.224,-1.63,-1.406,-1.209,-0.051,-0.37,4.03,3.13,4.74,61.11,8.58,17.6,3.4,74.79,48.76,"32' 9""","47' 8""",20.69,27.27,"9' 11""",11.59,12.33,25.45,90.03,67
"12",2022,"Andrew Novak","162",0,0,71.35,40,29.91,56.73,291.3,65.69,"13,679.083",359,28.6,65.99,-0.152,-0.138,-0.29,0.091,-0.264,0.036,3.99,3.07,4.64,62.62,13.82,21.82,8,75,57.68,"33' 10""","45' 4""",13.95,47.37,"7' 2""",12.63,13.85,26.53,86.45,69
"13",2022,"Andrew Putnam","104",1,0,70.893,48,20.34,60.82,284.2,66.9,"23,087.417",620,28.83,63.64,0.245,-0.115,0.13,0.204,-0.429,0.11,4.01,3.03,4.61,60.66,10.58,19.5,6.2,77.61,53.28,"33' 2""","43' 5""",26.39,52.54,"6' 11""",4.4,20.69,29.35,88.02,70.44
"14",2022,"Anirban Lahiri","168",1,0,71.599,38,17.86,60.57,294.4,63.16,"19,083.750",496,28.76,58.73,-0.012,-0.266,-0.278,-0.671,0.271,0.134,4.06,3.07,4.65,62.61,11.83,16.2,9,72.9,50.72,"32' 5""","51' 8""",23.33,50,"7' 2""",4.88,15.29,25.71,88.31,73.17
"15",2022,"Austin Cook","199",0,0,72.241,37,17.17,68.54,284.3,61.86,"13,351.750",373,28.46,62.99,-0.049,-1.062,-1.111,-0.811,-0.248,-0.004,4.04,3.13,4.72,61.13,11.72,10.34,5.9,70.54,48.15,"32' 10""","43' 10""",12.12,49.3,"7' 11""",4.21,11.25,32.76,89.01,71.17
"16",2022,"Austin Smotherman","117",0,0,71.457,35,17.71,62.27,301.7,69.21,"12,017.167",374,29.37,55.15,-0.437,0.729,0.292,0.689,0.426,-0.387,4.04,3.05,4.65,63.64,13.15,11.07,8.3,81.46,51.37,"28' 1""","43' 3""",19.57,38.78,"8' 1""",5.62,7.59,25,88.16,69.5
"17",2022,"Beau Hossler","107",1,0,70.886,30,27.27,46.78,305,65.93,"17,691.000",442,28.63,58.7,0.717,-0.292,0.425,-0.247,-0.258,0.213,4.08,3.04,4.55,64.34,23.55,15.41,7,81.12,58.74,"34' 8""","44' 11""",18.57,50,"7' 8""",5.08,22.35,25.42,89.01,73
"18",2022,"Ben Kohles","124",0,0,71.475,33,27.91,58.13,286.2,67.68,"9,918.667",269,28.91,59.38,-0.098,-0.756,-0.854,0.014,-0.701,-0.068,4.01,3.08,4.61,61.71,12.98,21.15,6.7,78.36,55.44,"29' 1""","51' 1""",7.69,47.54,"8' 6""",7.27,22,22.22,84.91,72.2
"19",2022,"Bill Haas","188",0,0,71.292,52,22.13,56.9,295.3,67.2,"21,232.917",534,29.29,63.52,-0.131,-0.198,-0.329,-0.378,-0.199,0.378,4.03,3.04,4.65,62.4,11.46,19.76,8.5,78.43,55.02,"34' 10""","49' 5""",21.15,51.19,"7' 3""",5.29,7.69,29.33,89.17,71.56
"20",2022,"Billy Horschel","9",3,0,69.895,34,25,66.04,294.8,71.3,"17,235.083",444,28.6,63.87,0.68,0.713,1.394,-0.009,0.403,0.32,3.96,2.99,4.45,63.31,10.45,12.15,8.8,82.14,54.86,"34' 5""","49' 5""",30.16,51.28,"7' 4""",5.65,15.56,36.92,89.59,69.43
"21",2022,"Branden Grace","T183",1,0,72.199,32,18.68,59.91,289.1,64.93,"17,775.750",475,29.28,59.9,-0.645,-0.725,-1.37,-0.724,-0.14,0.138,4.03,3.07,4.74,63.09,11.94,16.98,6.1,77.44,48.31,"32' 3""","43' 2""",32.79,54.17,"7' 3""",5.08,13.68,27.63,85.94,69.6
"22",2022,"Brandon Hagy","175",0,0,71.841,46,19.87,47.39,314,62.08,"19,403.917",502,28.98,56.05,-0.21,-0.537,-0.748,-0.503,-0.074,0.04,4.05,3.19,4.59,65.87,17.16,21.98,4.8,78.67,54.05,"31' 11""","45' 9""",35.29,55.41,"7' 8""",5.15,12.82,28.57,87.24,71
"23",2022,"Brandon Wu","105",1,0,71.393,36,22.68,60.52,287.1,67.59,"11,490.750",319,29.06,57.14,0.185,-0.928,-0.743,-0.033,-0.391,-0.505,4.02,3.09,4.59,61.76,16.6,13.77,6.5,78.48,56.85,"31' 10""","41' 9""",9.68,55.32,"7' 8""",5.56,9.68,38.1,89.73,70.5
"24",2022,"Brandt Snedeker","165",0,0,71.859,35,22.92,60.99,288.5,67.3,"16,740.583",446,29.31,58.74,0.026,-0.808,-0.782,-0.287,-0.418,-0.102,4.05,3.01,4.7,61.57,12.79,13.95,5.8,79.12,49.47,"33' 3""","46' 3""",22,51.85,"7' 11""",3.25,20.78,20.27,89.01,68
"25",2022,"Brendan Steele","123",1,0,71.027,41,21,59.12,308,68.97,"19,259.583",539,29.63,63.76,-0.529,0.487,-0.042,-0.078,0.75,-0.185,4,3.11,4.6,64.67,12.98,15.38,5.5,79.23,55.79,"33' 3""","41' 6""",27.85,47.76,"7' 10""",3.5,12.39,22.99,89.19,69.71
"26",2022,"Brendon Todd","152",0,0,70.907,43,26.42,68.4,274.1,64.86,"19,468.417",536,28.4,63.24,0.663,-0.471,0.192,-0.189,-0.551,0.269,4.04,3.01,4.66,59.28,10.29,13.4,4.8,75.18,45.74,"32' 11""","48' 10""",22.73,57.75,"6' 11""",4.76,13.27,38.67,89.57,70
"27",2022,"Brett Drewitt","207",0,0,72.169,32,15.79,56.82,294.1,65.28,"10,469.500",283,29.44,61,-1.067,-0.006,-1.073,-0.403,-0.022,0.418,4.08,3.14,4.62,62.47,15.25,14.35,9.9,75.98,53.37,"33' 10""","39' 10""",22.58,47.37,"6' 2""",2.86,6.9,17.14,85.99,69.75
"28",2022,"Brian Gay","129",0,0,71.697,35,17.54,60.82,281.6,57.62,"16,155.333",424,27.54,56.93,1.136,-2.156,-1.02,-1.505,-0.897,0.246,4.02,3.17,4.76,61.54,10.3,12.73,5.5,69.15,44.74,"34' 8""","42' 9""",21.88,60.87,"8' 5""",6.6,26.51,31.75,90.75,68.33
"29",2022,"Brian Harman","68",2,0,70.708,44,21.35,66.55,290.9,69.38,"21,265.833",603,29.17,64.6,0.26,-0.013,0.247,-0.11,0.071,0.026,3.94,3.1,4.63,62.03,12.42,12.85,6.6,76.86,65.61,"32' 5""","41' 1""",35.94,55.38,"6' 7""",2.84,9.9,36.26,89.82,70
"30",2022,"Brian Stuard","139",2,0,70.972,55,13.85,71.75,275.7,65.86,"23,321.583",626,28.6,65.38,-0.2,-0.034,-0.234,0.023,-0.316,0.259,3.99,2.98,4.77,59.18,8.11,14.35,3.5,72.53,51.63,"33' 4""","48' 1""",13.33,48.15,"8' 2""",5.19,13.49,24.21,88.85,71.11
"31",2022,"Brice Garnett","187",1,0,71.569,47,20.54,67.18,289.9,66.19,"21,047.333",552,29.04,65.03,0.157,-0.356,-0.2,-0.28,-0.057,-0.019,4.01,3.04,4.72,60.89,11.79,12.5,6.1,77.98,46.48,"33' 2""","49' 9""",16.42,49.35,"8' 0""",7.24,19.15,21.25,89.44,71
"32",2022,"Bronson Burgoon","208",0,0,72.051,35,19.8,53,298.9,63.97,"16,234.083",444,29,58.59,0.015,-0.659,-0.644,-0.077,-0.394,-0.188,4.09,3.04,4.71,62.35,13.74,21.35,8.2,75,52.86,"30' 1""","46' 2""",10,44.23,"7' 9""",4.55,19.54,34.25,87.44,70.8
"33",2022,"Brooks Koepka","69",2,0,71.275,39,21.59,53.59,309.9,66.01,"20,760.750",555,28.71,62.02,0.134,0.032,0.166,-0.004,0.197,-0.161,3.99,3.06,4.58,65.37,14.05,17.33,6.8,81.89,52.73,"32' 0""","41' 2""",26.73,50,"6' 11""",5.93,18.18,36.59,87.43,68.83
"34",2022,"C.T. Pan","T96",2,0,70.906,41,15.53,58.51,296.1,68.16,"20,028.417",535,29.27,60.43,0.036,0.372,0.408,0.157,-0.147,0.362,4.05,3.02,4.58,61.93,14.49,18.84,7.2,79.09,53.42,"31' 0""","48' 8""",16.39,65.38,"7' 3""",4.35,11,36.14,88.75,70.75
"35",2022,"Callum Tarren","160",1,0,71.872,29,23.96,55.09,307.9,67.43,"10,206.667",284,29.93,51.18,-0.787,-0.229,-1.016,-0.084,0.517,-0.661,4.03,3.19,4.64,64.52,19.82,16.22,7.7,78.38,60.22,"32' 7""","37' 6""",19.51,38.98,"8' 5""",4.17,25.93,25.64,82.48,68
"36",2022,"Cam Davis","71",1,0,71.755,36,36.27,55.14,302.8,66.67,"24,123.167",608,28.86,58.33,-0.064,-0.171,-0.235,-0.007,-0.054,-0.111,4.02,2.99,4.59,64.54,12,17.05,9.7,82.08,51.1,"31' 4""","51' 4""",32.35,54.1,"8' 9""",4.64,17.8,28.28,88.55,68.83
"37",2022,"Cameron Champ","192",0,0,72.59,22,18.84,50.49,320,63.13,"11,856.500",302,29.41,58.22,-0.207,-0.376,-0.582,-0.447,0.362,-0.291,4.19,3.11,4.5,64.33,21.28,19.57,6.8,72.9,52.63,"31' 7""","49' 6""",22.92,34.29,"8' 2""",2.53,15.25,25,87.97,74.67
"38",2022,"Cameron Percy","76",2,0,71.38,21,28.36,59.79,287.7,65.87,"5,385.750",161,28.48,55.04,-0.093,-0.943,-1.036,-0.199,-0.312,-0.432,4.03,3.15,4.46,62.69,17.21,16.39,9,78.74,55.56,"31' 10""","34' 6""",11.11,52.38,"6' 4""",12.5,9.38,33.33,88.55,69
"39",2022,"Cameron Smith","15",4,2,69.274,26,28.85,54.95,297,72.65,"16,217.750",447,27.73,63.28,1.048,1,2.048,0.809,-0.206,0.396,3.88,2.96,4.35,64.32,19.36,14.16,4.3,86.5,57.93,"29' 11""","41' 11""",25,60.87,"7' 5""",9.62,10.96,35.14,91.78,67
"40",2022,"Cameron Tringale","47",3,0,70.958,51,27.27,58.42,301.3,70.49,"24,587.167",661,29,60,0.072,0.327,0.399,0.354,-0.233,0.206,4,2.99,4.62,62.27,13.95,18.27,6.3,82.08,56.57,"31' 7""","46' 6""",22.92,41.43,"7' 10""",5.35,15.7,34.04,88.39,69.89
"41",2022,"Cameron Young","36",2,0,70.125,43,30.1,58.21,319.6,65.56,"22,946.667",639,28.08,63.71,0.332,0.7,1.032,-0.063,0.776,-0.013,3.94,3.06,4.58,67.05,15.29,14.08,6.8,76.38,55.13,"31' 5""","44' 3""",33,44.44,"7' 4""",6.71,20.34,35.11,87.54,69.88
"42",2022,"Camilo Villegas","T157",0,0,71.904,36,26.67,60.44,291.4,69.29,"11,936.083",319,29.64,53.77,-0.868,-0.057,-0.924,-0.049,-0.289,0.281,4.01,3.14,4.64,62.56,14.4,15.6,6.8,77.96,62.31,"32' 8""","45' 0""",22.22,41.51,"7' 5""",5.48,20,26.92,83.92,72
"43",2022,"Carlos Ortiz","73",1,0,71.537,37,20.41,56.81,304.4,66.97,"18,879.333",500,28.54,58.64,-0.083,-0.332,-0.415,0.3,-0.024,-0.608,4.01,3.01,4.63,63.88,13.14,15.72,8.8,78.42,53.6,"30' 10""","46' 10""",19.51,43.75,"8' 8""",7.32,16,19.23,88.76,69.33
"44",2022,"Chad Ramey","58",2,1,71.285,42,22.5,65.52,287,69.31,"14,822.667",431,29.1,55.17,-0.232,-0.429,-0.661,0.207,-0.35,-0.286,4.02,3.05,4.57,61.53,14.55,17.27,5.5,81.15,53.23,"29' 10""","43' 11""",23.26,49.02,"7' 5""",10.19,16.67,24,85.81,70.5
"45",2022,"Charl Schwartzel","210",0,0,73.772,23,21.74,49.53,295.6,59.18,"12,584.333",303,29.52,50.3,-1.321,-1.459,-2.78,-0.409,-0.977,-0.073,4.16,3.2,4.7,61.97,12.99,21.21,6.9,70.25,48.45,"34' 3""","48' 7""",27.08,39.02,"7' 4""",0,12.77,25,81.79,72
"46",2022,"Charles Howell III","T34",0,0,70.471,30,25,57.14,301.7,70.56,"16,121.667",408,28.9,62.89,-0.086,0.47,0.384,-0.095,0.102,0.462,3.97,3.04,4.62,65.71,13.44,16.25,9.4,80.42,61.11,"33' 3""","47' 3""",14.29,64.29,"7' 8""",4.42,18.39,31.71,86.34,71
"47",2022,"Charley Hoffman","170",0,0,71.941,35,27.17,45.87,307.1,66.03,"18,959.917",501,28.8,58.41,-0.355,-0.555,-0.91,-0.384,-0.315,0.144,4.06,3.01,4.65,64.92,11.43,24.68,7.5,81.08,51.91,"31' 8""","40' 4""",21.95,42.55,"7' 1""",1.83,12.24,35.21,86.77,71.29
"48",2022,"Chase Seiffert","142",0,0,70.791,25,23.44,61.32,287,66.22,"6,813.833",198,28.88,66.45,-0.209,0.567,0.358,0.527,-0.138,0.177,3.96,3.15,4.63,62.25,13.82,17.76,10.5,76.64,60,"31' 0""","40' 10""",33.33,51.11,"7' 0""",1.96,11.63,33.33,89,69.4
"49",2022,"Chesson Hadley","T201",0,0,72.489,44,18.46,53.21,301.1,62.12,"19,195.833",497,28.89,58.67,0.354,-1.547,-1.193,-0.543,-0.538,-0.466,4.11,3.05,4.72,63.09,16.75,18.32,5.8,72.45,48.94,"32' 10""","48' 5""",16.39,50,"9' 3""",2.78,14.15,32.2,90.87,71.6
"50",2022,"Chez Reavie","T171",1,0,71.525,46,20.17,68.82,281.6,65.22,"23,058.333",643,29.04,63.19,-0.459,-0.033,-0.491,0.285,-0.337,0.02,4.05,3.01,4.73,59.75,9.96,15.65,4.1,70.71,51.01,"32' 3""","45' 2""",17.74,54.17,"7' 11""",5.7,10.48,22.83,87.03,71.25
"51",2022,"Chris Kirk","28",2,0,70.44,42,26.26,64.32,297.8,67.99,"19,087.917",517,28.83,63.64,0.13,1.187,1.317,0.371,0.4,0.416,3.98,2.99,4.58,63.06,13.3,11.33,6.7,79.2,51.92,"31' 5""","43' 5""",35.06,57.14,"8' 1""",6.57,16.67,25,88.76,69.88
"52",2022,"Chris Stroud","156",0,0,71.429,19,25.4,60.92,288.6,65.2,"8,161.333",214,29.37,51.26,-0.455,-0.157,-0.612,0.643,-0.241,-0.559,4.07,3.15,4.64,60.93,15.24,14.02,6.7,76.73,53.92,"33' 7""","49' 3""",12.5,39.29,"8' 3""",9.09,19.44,20,83.4,71.5
"53",2022,"Christiaan Bezuidenhout","94",0,0,70.575,43,18.39,64.92,284.6,65.56,"16,507.833",482,28.43,68.15,-0.004,0.614,0.61,0.136,0.227,0.251,3.99,3.05,4.64,60.11,11.86,15.63,5.4,77.99,49.48,"30' 6""","44' 9""",23.26,71.19,"6' 8""",4.42,13.27,29.03,88.1,70.33
"54",2022,"Collin Morikawa","6",5,0,70.026,26,19.15,66.78,302.4,72.22,"11,065.833",320,28.27,61.82,0.424,0.937,1.361,0.609,0.614,-0.287,3.91,2.98,4.45,63.27,12.35,11.95,4.4,83.74,56.44,"28' 1""","54' 3""",29.31,40,"7' 10""",2.9,21.67,37.29,88.05,66.2
"55",2022,"Corey Conners","40",1,0,70.418,42,22.22,64.69,300.6,74.13,"19,751.917",551,29.77,60.12,0.039,1.12,1.159,0.359,0.664,0.097,3.94,3.03,4.59,64.63,13.43,10.88,7.2,81.7,62.43,"31' 6""","39' 1""",26.14,50.98,"8' 0""",4.85,13.89,34.48,88.41,69.29
"56",2022,"Curtis Thompson","150",1,0,71.598,43,21.67,53.1,305.5,64.21,"15,482.083",412,28.81,59.93,0.174,-0.633,-0.459,-0.411,0.048,-0.27,4.03,3.08,4.65,63.24,22.36,14.7,6.7,76.97,51.43,"32' 4""","45' 1""",16.67,49.33,"7' 11""",6.86,18.99,26.56,88.86,71.43
"57",2022,"Daniel Berger","T13",2,0,69.942,21,33.33,67.58,290.1,69.44,"11,311.167",302,28.28,75.76,0.328,1.374,1.702,0.577,0.303,0.494,3.91,2.97,4.56,61.74,4.55,17.36,7,78.03,55.42,"33' 2""","46' 10""",20.83,81.25,"6' 7""",4.11,16.13,37.5,88.71,71
"58",2022,"Danny Lee","75",2,0,71.164,32,23.47,52.48,296.8,63.72,"14,421.583",358,28.22,56.46,-0.248,-0.535,-0.783,-0.132,0.026,-0.43,4.04,3.1,4.52,62.72,16.06,17.88,8,72.96,56.87,"32' 10""","48' 8""",26.79,50,"8' 11""",3.37,7.81,29.09,87.57,70.8
"59",2022,"Danny Willett","181",0,0,71.069,28,25,63.14,295.9,65.87,"11,891.750",316,28.82,61.63,-0.298,0.39,0.092,-0.299,0.191,0.498,4.03,3.11,4.64,62.8,12.6,17.07,6.5,76.73,51.75,"31' 10""","49' 11""",10.26,42.42,"6' 4""",6.1,16.67,28.26,86.31,69.8
"60",2022,"David Lipsky","88",1,0,71.185,46,15.87,64.36,292.5,67.87,"20,946.750",571,29.17,55.64,-0.105,0.119,0.014,0.125,-0.088,0.082,4.04,2.99,4.69,61.32,12.7,16.55,5.9,77.07,55.95,"33' 1""","45' 2""",12.5,47.95,"7' 11""",4.38,18.9,27.91,87.21,71.38
"61",2022,"David Skinns","200",0,0,72.552,30,17.2,54.18,298.6,65.74,"11,006.083",285,30,53.51,-0.385,-1.21,-1.595,-0.362,-0.524,-0.324,4.07,3.17,4.71,62.99,18.18,16.82,4.1,79.74,55.21,"33' 4""","48' 0""",22.86,39.53,"8' 0""",7.25,14.93,23.91,86.62,73.33
"62",2022,"Davis Riley","31",2,0,70.498,44,24.78,63.43,303.5,68.31,"20,358.250",569,28.48,58.57,0.2,0.107,0.307,-0.113,0.259,-0.039,3.98,2.99,4.65,63.58,13.93,15.3,4.3,78.44,54.5,"31' 0""","45' 2""",20.27,46.97,"8' 1""",5.71,25.66,33.77,86.06,71.63
"63",2022,"Dawie van der Walt","T204",0,0,72.543,30,16.98,57.07,293.4,65.19,"10,250.000",286,29.6,52.13,-0.175,-0.716,-0.891,-0.27,-0.264,-0.182,4.07,3.04,4.86,62.96,15.14,19.27,6.9,75.21,51.96,"31' 4""","47' 3""",12.5,33.33,"8' 4""",10.94,14.75,33.33,86.1,73.5
"64",2022,"Denny McCarthy","T83",2,0,70.238,54,22.61,65.19,290.8,67.08,"27,308.167",734,28.52,67.81,0.594,0.017,0.611,-0.232,-0.008,0.257,3.96,3.01,4.65,61.31,12.94,12.77,5.9,78.03,53.08,"33' 0""","49' 5""",23.53,48.78,"7' 0""",8.37,22.9,28.28,89.22,69.58
"65",2022,"Doc Redman","161",0,0,71.482,47,16.31,56.88,294.8,67.38,"20,896.750",555,29.38,56.16,-0.095,-0.112,-0.206,0.24,0.048,-0.4,4.04,3.03,4.67,61.96,15.22,18.03,5.4,75.27,58.42,"31' 7""","47' 6""",11.43,44.29,"8' 9""",5.11,11.97,35.37,86.87,70.75
"66",2022,"Doug Ghim","103",1,0,71.272,44,21.1,62.09,293.6,67.42,"20,122.667",570,29.2,60.47,-0.348,0.309,-0.039,0.403,-0.144,0.05,4.05,3.05,4.54,62.63,12.84,10.81,8.6,77.89,52.59,"30' 1""","48' 1""",28.99,56.9,"7' 2""",5.11,8.77,25.51,88.89,70.33
"67",2022,"Dustin Johnson","44",2,0,70.937,25,26.67,54.84,310.4,66.36,"9,945.083",302,27.94,62.39,0.128,0.678,0.806,0.456,0.5,-0.278,3.99,3.04,4.51,63.6,14.72,12.55,8.2,75.74,58.04,"27' 9""","41' 6""",23.4,39.13,"6' 0""",4.76,20.75,25.93,89.18,68
"68",2022,"Dylan Frittelli","153",0,0,71.382,47,17.65,50.69,301.5,65.84,"25,075.417",626,29.02,57.44,-0.112,-0.02,-0.132,0.136,-0.284,0.129,4.06,3.07,4.64,63.59,14.73,19.09,7.9,79.15,53.42,"33' 11""","49' 4""",12.77,49.4,"7' 11""",3.9,16.67,34.95,87.99,70.88
"69",2022,"Dylan Wu","164",0,0,71.182,39,24.73,60.22,294.3,67.95,"15,208.417",412,29.31,61.78,0.267,-0.165,0.102,0.116,-0.149,-0.132,4.04,2.98,4.64,63.21,17.98,9.46,8.5,79.51,55.56,"32' 6""","41' 6""",22.92,45.61,"7' 10""",9.17,20,28.81,86.97,72.29
"70",2022,"Emiliano Grillo","99",0,0,71.935,42,19.82,65.98,304,67.2,"19,304.583",535,29.38,57.26,-0.248,-0.033,-0.28,-0.159,0.387,-0.262,4.05,3.05,4.6,63.5,10.6,10.84,8.4,77.34,51.52,"30' 8""","47' 8""",27.38,40.63,"8' 1""",6.98,15.79,31.33,86.78,69.83
"71",2022,"Erik van Rooyen","80",0,0,71.383,35,21.35,61.04,298.6,69.27,"17,432.917",499,29.38,52.54,-0.346,0.196,-0.15,0.581,0.034,-0.419,4.06,3.01,4.49,63.07,12.53,12.79,4.9,81.92,52.02,"28' 6""","49' 7""",28.77,40.54,"8' 3""",3.74,17.5,29.63,87.62,70.14
"72",2022,"Francesco Molinari","T130",1,0,71.624,29,20.73,57.57,293.6,62.84,"16,935.750",425,28.41,60.31,0.042,-0.444,-0.401,-0.321,-0.302,0.18,4.02,3.01,4.73,62.65,12.31,18.32,7.8,76.72,46.2,"33' 11""","46' 9""",20.34,55.81,"8' 5""",5.77,18.42,36.36,87.47,70.5
"73",2022,"Garrick Higgo","178",0,0,71.72,30,9.28,54.29,299.9,66.48,"12,677.083",322,29.47,48.62,-0.259,-0.156,-0.415,0.026,-0.077,-0.106,4.08,3.04,4.62,65.79,12.5,13.31,6.9,81.14,48.96,"32' 8""","48' 3""",42.11,39.13,"8' 7""",7.29,11.43,31.91,87.65,72.83
"74",2022,"Gary Woodland","56",3,0,70.563,33,21.79,51.32,311.9,67.51,"17,651.500",498,28.97,63.21,0.318,0.592,0.909,0.362,0.108,0.121,4.02,3.06,4.52,63.18,18.68,18.95,6.1,82.05,55.41,"30' 5""","45' 10""",38.57,55.32,"6' 4""",6.47,15.38,34.33,87.55,69.4
"75",2022,"Graeme McDowell","T120",0,0,71.416,32,21.52,65.77,282.1,66.15,"12,917.917",339,28.59,60.51,0.012,-0.612,-0.6,0.18,-0.371,-0.42,3.99,3.11,4.69,60.97,16.03,10.31,9.5,76.03,55.26,"35' 0""","44' 7""",10.53,54.9,"8' 2""",6.1,14.08,32.69,87.78,73.2
"76",2022,"Greyson Sigg","132",0,0,71.057,52,14.16,62.27,292.6,66.99,"22,257.417",608,28.85,65.37,-0.008,-0.14,-0.148,0.126,-0.103,-0.163,4.01,3.01,4.63,62.15,13.92,15.63,8.4,77.28,56.62,"32' 3""","47' 8""",19.44,49.33,"7' 5""",6.62,15.13,24,88.76,70.64
"77",2022,"Hank Lebioda","T183",0,0,71.552,42,19.67,61.86,291.3,63.76,"21,670.583",540,28.9,60.95,0.238,-0.48,-0.241,0.118,-0.33,-0.268,4.05,3.1,4.63,61.8,10.92,17.48,8.3,77.22,45.05,"34' 6""","52' 2""",16.39,46.97,"8' 4""",6.08,13.59,37.1,88.75,71.67
"78",2022,"Harold Varner III","85",1,0,71.103,34,23.88,53.38,300.4,65.77,"17,176.417",481,27.61,66.49,0.06,0.398,0.458,0.109,-0.106,0.395,3.98,2.97,4.58,63.21,18.16,14.63,7,78.6,53.5,"30' 2""","45' 6""",23.68,50,"6' 0""",4.12,21.95,28,87.32,70.5
"79",2022,"Harry Higgs","167",1,0,71.344,44,18.69,56.95,298.7,62.63,"25,478.500",643,28.32,65.54,0.289,-0.601,-0.312,-0.489,-0.064,-0.049,4.03,3.06,4.66,62.89,15.01,19.47,4.9,76.45,52.31,"34' 6""","47' 11""",19.54,53.01,"8' 0""",3.87,17.74,31.11,88.84,71
"80",2022,"Hayden Buckley","72",2,0,71.427,47,27.64,68.4,298.1,70.09,"21,158.250",584,29.81,55.34,-0.435,0.506,0.071,0.17,0.623,-0.287,4.01,3.12,4.63,63.16,8.5,15.25,5.4,77.68,58.94,"31' 6""","46' 3""",25.29,47.69,"8' 4""",5.56,18.98,23.23,86.89,69.5
"81",2022,"Henrik Norlander","146",1,0,71.375,42,22.69,59.86,290.2,68.39,"19,699.167",530,29.52,54.39,-0.3,-0.304,-0.605,0.184,-0.376,-0.113,4.06,2.99,4.65,61.27,13.83,17.48,6.1,78.9,51.29,"29' 4""","58' 1""",17.54,53.45,"7' 10""",6.4,12.07,26.58,87.15,69.86
"82",2022,"Hideki Matsuyama","3",4,2,70.02,40,28.57,60.89,305.9,72.08,"21,983.250",625,28.8,65.17,-0.2,1.252,1.052,0.716,0.276,0.261,3.94,2.97,4.42,64.34,10.95,16.02,8.5,83.28,56.16,"29' 2""","43' 10""",25.89,55.22,"7' 3""",4.9,14.29,26.89,89.56,68
"83",2022,"Hudson Swafford","37",1,1,71.391,46,25.78,61.41,306.9,68.72,"22,352.500",607,29.37,55.98,-0.098,-0.176,-0.273,0.292,0.118,-0.585,4.03,3.06,4.55,63.98,13.46,15.17,5.8,78.63,54.25,"31' 6""","45' 8""",36.67,56.45,"8' 8""",8.75,18.32,33.96,86.16,68.38
"84",2022,"Ian Poulter","179",0,0,71.006,25,22.03,64.71,288.7,64.14,"13,734.500",352,28.73,64.08,0.138,0.186,0.324,-0.074,-0.156,0.415,4.04,2.98,4.73,60.61,8.7,12.68,8.7,70.2,50,"34' 5""","51' 4""",21.95,46.34,"7' 9""",5.43,18.46,38.6,86.65,72.25
"85",2022,"J.J. Spaun","95",1,0,70.724,56,22.96,64.39,291.3,68.06,"27,500.500",747,29.04,59.94,0.131,0.145,0.277,0.054,0.161,-0.071,4.01,3.02,4.61,61.67,9.84,17.27,6.7,79.16,47.83,"32' 10""","45' 9""",23.26,45.12,"7' 8""",7.14,15.6,32.17,88.48,70.5
"86",2022,"J.T. Poston","194",0,0,71.548,36,22.11,59.8,298.5,65.59,"21,188.667",533,29.39,63.23,-0.32,-0.133,-0.453,-0.527,0.275,0.12,4.06,3.1,4.56,63.51,13.29,15.22,7.7,78.93,51.24,"35' 4""","46' 4""",27.16,43.33,"6' 10""",3.9,14.58,32.95,88.36,68.75
"87",2022,"James Hahn","T127",0,0,71.157,29,17.91,62.31,300.4,66.28,"12,857.833",321,29.45,62.5,-0.898,0.458,-0.439,-0.119,0.275,0.302,4.05,3.09,4.58,63.44,15.79,17.41,3.2,75.81,57.33,"34' 8""","48' 1""",16.67,60.78,"8' 3""",0,14.55,26.92,84.9,71
"88",2022,"Jared Wolfe","186",0,0,71.812,31,18.39,54.52,305.5,68.28,"13,295.250",337,30.1,58.76,-0.513,-0.72,-1.233,-0.4,-0.125,-0.195,4.07,3.07,4.59,64.55,17.56,19.08,7.3,79.57,55.61,"30' 7""","51' 7""",28.89,45.65,"9' 0""",1.98,16.18,24.59,88.1,70.33
"89",2022,"Jason Day","32",1,0,71.121,26,29.41,59.38,299.1,66.45,"13,819.583",353,28.5,61.15,0.205,-0.453,-0.247,-0.189,-0.317,0.053,3.97,3.07,4.64,61.88,12.96,15.19,10,79.25,51.03,"34' 1""","48' 11""",21.74,55.81,"7' 7""",10,12.86,24.49,87.4,70.2
"90",2022,"Jason Dufner","T196",0,0,72.049,24,26.03,59.58,287.8,64.58,"8,507.250",232,29.08,56.86,-0.257,-0.494,-0.751,-0.067,-0.222,-0.205,4.08,3.16,4.62,61.65,12.29,20.11,8.9,74.37,58.52,"30' 6""","48' 11""",9.52,45.95,"8' 2""",5.08,21.74,33.33,84.06,71.33
"91",2022,"Jason Kokrak","T34",1,1,71.132,35,18.06,61.21,304.4,67.53,"22,360.167",570,28.5,62.03,0.424,-0.182,0.243,0.16,-0.184,-0.158,4.06,2.93,4.5,63.25,13.26,14.38,4.9,74.36,53.18,"34' 0""","50' 3""",24.74,66.67,"7' 11""",5.63,16.98,24.72,90.43,70.29
"92",2022,"Jhonattan Vegas","20",1,0,70.353,43,28.57,58.31,316.4,69.64,"20,181.750",515,29.23,57.02,0.051,0.596,0.647,0.346,0.564,-0.314,3.99,3.08,4.53,63.98,14.72,14.72,6.3,80.52,55.28,"32' 7""","48' 8""",18.68,50,"9' 6""",4.93,11.76,33.33,87.57,70.44
"93",2022,"Jim Herman","177",1,0,71.466,29,23.38,69,289.4,69.73,"13,390.000",378,29.86,58.86,-0.319,-0.528,-0.846,-0.21,-0.023,-0.294,4.04,3.03,4.73,60.97,11.81,13.89,5.2,77.9,55.65,"33' 1""","42' 4""",14.29,41.86,"7' 2""",6.31,16,32.14,85.5,69.25
"94",2022,"Jim Knous","145",0,0,71.458,27,18.29,53.85,294.9,65.64,"7,179.083",212,28.63,57.49,0.517,-0.079,0.438,-0.818,-0.02,0.759,4.03,3.1,4.59,63.4,19.28,12.65,10.8,81.77,50.57,"29' 5""","42' 6""",21.05,42,"5' 4""",7.69,25.64,39.29,87.38,71.2
"95",2022,"Jimmy Walker","193",0,0,71.829,39,23.53,53.6,293.4,65.38,"19,912.750",554,29.15,56.79,-0.322,-0.128,-0.45,0.132,-0.504,0.244,4.04,3.07,4.67,62.33,13.71,21.51,5.9,77.93,54.58,"31' 5""","43' 7""",15.79,48.21,"6' 10""",4.13,15.6,27.84,88.42,72
"96",2022,"Joaquin Niemann","7",3,1,69.95,37,22.22,55.32,303.9,69.28,"15,309.250",429,28.21,63.3,-0.106,1.416,1.31,0.543,0.358,0.514,3.97,2.96,4.52,64.68,13.86,19.28,8.1,77.31,60.95,"28' 9""","43' 4""",18.46,60.87,"6' 4""",3.53,21.84,22.86,88.3,69.14
"97",2022,"Joel Dahmen","70",2,0,70.923,49,20.49,67.99,294,71.2,"24,973.083",713,29.55,57.09,-0.048,0.233,0.185,0.32,0.228,-0.315,3.98,3.01,4.57,62.67,12.82,9.93,4.5,79.7,58.26,"32' 7""","40' 8""",28.28,41.56,"7' 6""",5.91,14.58,28.57,88.42,70.09
"98",2022,"John Huh","T86",1,0,71.301,35,17.2,66.53,289.7,65.4,"14,517.000",394,28.43,61.01,0.104,-0.384,-0.28,-0.083,-0.184,-0.118,4.01,3.1,4.61,60.99,12.29,16.61,6.6,77.95,48.15,"30' 10""","46' 3""",10.53,55.56,"8' 0""",10.13,14.12,35.82,87.44,70.33
"99",2022,"Jon Rahm","23",4,0,70.259,34,26.23,63.21,315.8,75.74,"16,813.500",483,29.8,59.54,-0.115,1.698,1.582,0.656,1.299,-0.257,3.94,3.03,4.45,65.79,7.92,18.21,6.3,86.57,60.9,"30' 8""","45' 0""",34.74,41.67,"8' 6""",4.96,13.98,32.39,86.56,70.14
"100",2022,"Jonas Blixt","209",0,0,74.038,23,12.2,53.92,293.6,56.52,"10,894.750",268,28.39,56.11,-0.345,-1.963,-2.308,-1.213,-0.517,-0.233,4.09,3.23,4.85,62.81,16.1,18.05,9.3,69.77,44.9,"35' 1""","49' 0""",12.12,47.06,"7' 8""",4.35,9.43,24,89.57,73
"101",2022,"Jonathan Byrd","154",1,0,71.17,27,18.18,62.33,290.4,65.84,"8,589.500",232,28.52,68.07,0.238,-0.223,0.015,-0.166,-0.464,0.407,3.97,3.06,4.7,62.9,9.94,10.5,12.2,74.89,52.11,"33' 9""","40' 3""",11.11,52.17,"8' 4""",7.41,9.26,31.71,90.35,69.75
"102",2022,"Jordan Spieth","63",1,0,71.544,27,31.25,57.82,308.6,70.6,"13,615.750",377,29.21,63.78,-0.131,0.294,0.163,0.09,0.209,-0.006,3.98,3.04,4.47,64.84,14.24,13.22,7.5,81.63,57.34,"30' 1""","39' 11""",31.82,37.93,"7' 0""",3.13,9.52,33.33,88.49,69.4
"103",2022,"Joseph Bramlett","163",0,0,71.868,47,21.74,52.69,316.9,69.74,"21,412.333",588,29.91,52.34,-0.846,0.277,-0.569,0.286,0.32,-0.329,4.04,3.07,4.65,65.79,17.94,20.4,3.8,80.47,62.34,"29' 0""","42' 11""",24.49,36.92,"8' 7""",6.21,11.61,19.8,87.48,71.25
"104",2022,"Joshua Creel","203",0,0,72.723,25,17.57,61.89,283.4,58.44,"9,773.667",266,28.56,62.57,0.484,-1.256,-0.772,-0.964,-0.071,-0.222,4.07,3.14,4.83,61.1,16.19,10.95,7.6,69.91,47.37,"34' 0""","40' 8""",25,58.62,"8' 10""",6.25,18,26.83,89.09,72
"105",2022,"Justin Lower","T157",0,0,71.405,32,20.45,58.61,291.9,71.01,"8,698.500",249,29.88,57.49,-0.844,-0.753,-1.597,0.333,-0.835,-0.251,4.06,3.05,4.59,62.27,10.82,18.04,8.2,83.59,58.92,"29' 8""","47' 1""",20,47.83,"7' 11""",5.08,14.04,31.71,84.13,71
"106",2022,"Justin Rose","T38",1,0,71.066,31,20,64.45,298,68.65,"10,838.000",321,28.11,65.82,0.292,-0.271,0.021,-0.223,0.167,-0.216,3.93,3.03,4.7,62.15,8.76,12.35,8,75,58.99,"29' 11""","43' 2""",17.95,47.62,"7' 6""",9.72,8.47,25,89.3,69.67
"107",2022,"Justin Thomas","1",5,0,69.617,35,21.82,57.14,311.1,72.4,"16,359.083",480,27.84,69.18,0.044,1.757,1.8,0.903,0.546,0.306,3.87,2.95,4.41,64.58,11.41,16.18,7.2,81.25,61.98,"26' 2""","45' 6""",31.03,68.29,"6' 6""",9.41,12.9,28.4,87.55,68.75
"108",2022,"K.H. Lee","55",0,0,70.976,46,19.82,61.96,299.9,67.87,"27,759.333",714,28.98,63.91,-0.007,0.282,0.276,-0.172,0.354,0.1,4,3.02,4.56,64.19,12.63,13.52,5.9,77.19,52.65,"33' 2""","48' 4""",25.42,53.73,"7' 4""",4.55,14.63,32.63,87.82,70.27
"109",2022,"Keegan Bradley","T83",2,0,70.669,45,16.19,57.73,306.5,66.4,"19,676.667",574,28.76,61.02,-0.202,1.16,0.958,0.46,0.536,0.164,3.98,3.02,4.61,63.73,12.61,17.12,6.3,78.87,52.44,"28' 5""","44' 9""",31.58,41.67,"7' 8""",4.76,13.76,27.96,87.95,69.56
"110",2022,"Keith Mitchell","24",4,0,70.08,49,20.39,60.88,307,69.57,"26,467.000",680,29.22,64.29,0.173,1.026,1.199,0.003,0.815,0.207,3.99,3.01,4.47,64.82,12.33,14.99,7.6,80.21,56.4,"31' 3""","48' 6""",28.44,59.15,"8' 5""",7,19.67,35.92,87.35,68.8
"111",2022,"Kelly Kraft","148",0,0,71.838,33,17.31,65.49,285.6,62.63,"13,187.417",373,28.7,53.15,0.617,-1.408,-0.791,-0.623,-0.499,-0.286,4.07,3.09,4.66,60.31,12.24,14.34,4.5,72.15,47.77,"31' 1""","46' 3""",16.13,47.62,"8' 8""",8.25,9.59,40,90.62,72
"112",2022,"Kevin Chappell","147",0,0,72.204,31,21.05,48.5,307.5,69.53,"12,270.333",354,29.58,52.94,-0.3,-1.032,-1.332,-0.301,-0.516,-0.214,4.05,3.03,4.65,64.74,12.5,19.12,12.1,78.57,62.33,"27' 8""","39' 4""",22.22,46.67,"7' 0""",4.17,20.51,25.49,87.13,69.6
"113",2022,"Kevin Kisner","33",4,0,71.214,40,16.88,69.41,289.4,70.54,"19,962.250",535,28.79,61.14,0.774,-0.114,0.66,-0.233,-0.173,0.292,3.96,3.02,4.57,61.63,9.05,11.19,6.4,79.69,52.48,"32' 8""","51' 4""",21.21,50,"7' 0""",8.33,20.65,37.97,89.69,67.5
"114",2022,"Kevin Na","43",1,0,72.401,22,21.28,64.45,289.4,68.52,"11,076.333",321,28.78,59.8,-0.057,-0.677,-0.734,-0.001,-0.571,-0.107,4.01,3.03,4.5,61.26,12.89,14.45,6.3,78.79,48.35,"28' 7""","51' 4""",30.23,68,"7' 2""",4.29,13.56,27.45,88.46,68.33
"115",2022,"Kevin Streelman","133",1,0,71.155,48,24,69.68,295.4,67.59,"26,382.000",715,28.75,66.07,0.103,0.336,0.439,-0.174,0.283,0.227,4,3.04,4.64,61.89,9.26,12.7,5.3,77.27,48.76,"33' 0""","45' 5""",18.89,50.62,"7' 5""",6.15,11.81,24.24,90.34,70.78
"116",2022,"Kevin Tway","137",1,0,71.529,46,18.75,50.7,309.7,64.86,"26,314.583",641,28.93,59.45,0.496,-0.912,-0.416,-0.82,-0.079,-0.013,4.07,3.05,4.59,64.86,15.48,19.55,7.3,77.16,55.24,"35' 2""","45' 11""",16.87,60.76,"8' 7""",3.93,19.84,36.46,89.56,70.14
"117",2022,"Kiradech Aphibarnrat","140",0,0,71.663,29,28.4,63.34,287.3,63.22,"8,756.833",246,28.48,59.9,-0.489,-0.748,-1.237,-0.568,0.092,-0.272,4.02,3.07,4.74,61.78,13.54,11.98,7.3,76.38,47.62,"31' 8""","45' 7""",6.67,60.34,"8' 5""",3.7,13.95,23.26,86.14,71.4
"118",2022,"Kramer Hickok","T77",1,0,70.729,47,25.41,63.47,291.1,66.43,"20,618.500",536,28.81,60.56,0.25,-0.063,0.187,0.079,0.139,-0.281,4.02,3.04,4.63,61.74,11.22,16.83,5.9,78.78,50,"33' 4""","44' 4""",22.06,60,"8' 2""",6.92,18.81,28.09,88.69,70.5
"119",2022,"Kurt Kitayama","T157",1,0,71.844,34,17.35,48.41,304.4,64.71,"11,640.083",322,29.15,56.02,-0.189,-0.341,-0.53,0.395,-0.349,-0.387,4.05,3.08,4.69,65.12,13.41,20.33,5.7,79.04,53.69,"29' 11""","44' 8""",27.91,50,"8' 2""",5.41,21.21,28.3,85.25,70.5
"120",2022,"Kyle Stanley","190",0,0,71.729,41,16.24,67.96,290.1,68.97,"16,522.583",447,30.44,56.77,-1.2,-0.1,-1.299,-0.02,0.24,-0.32,4.05,3.1,4.73,62.23,13.01,11.27,6.4,76.04,57.46,"31' 10""","47' 9""",15.22,40,"8' 2""",5.47,11.11,22.22,84.58,67.75
"121",2022,"Lanto Griffin","111",3,0,70.776,46,23.14,55.13,300.3,65.22,"24,477.833",646,28.54,61.11,0.226,0.037,0.263,0.256,-0.053,-0.165,3.99,3.07,4.65,62.54,14.78,20.04,7.5,77.94,52.11,"32' 8""","45' 9""",22.22,47.44,"7' 9""",6.16,18.18,35.29,87.31,69.8
"122",2022,"Lee Hodges","134",2,0,71.404,49,19.69,63.33,296.3,67.46,"26,241.417",696,29.49,58.89,-0.466,0.283,-0.183,-0.173,0.276,0.18,4.07,3.01,4.63,62.83,13.59,16.76,2.4,76.28,55.02,"33' 5""","47' 2""",17.89,47.22,"7' 6""",5.52,15.91,29.51,86.53,72.33
"123",2022,"Louis Oosthuizen","11",0,0,70.379,28,22.03,67.05,299.9,69.78,"15,569.417",444,28.8,61.76,-0.008,0.748,0.741,-0.147,0.519,0.376,3.91,3.1,4.62,63.27,10.12,10.4,8.1,80.6,57.89,"30' 9""","39' 10""",32.76,62.79,"7' 4""",4.76,17.89,33.9,86.77,70.5
"124",2022,"Lucas Glover","93",1,0,71.764,43,20.54,66.94,295.5,73,"24,572.417",676,30.14,51.2,-0.61,0.248,-0.362,0.465,0.134,-0.351,4.02,3.03,4.6,62.85,9.89,12.87,8.4,85.68,55,"30' 8""","48' 2""",29.13,38.18,"8' 9""",4,12.67,29.7,86.51,71.11
"125",2022,"Lucas Herbert","122",2,1,71.808,29,30.88,53.53,299.9,58.76,"14,111.917",350,27.5,64.25,0.82,-1.427,-0.607,-1.114,-0.573,0.261,4.04,3.1,4.62,64.14,8.39,17.15,6.9,74.62,45.03,"36' 5""","45' 4""",28.81,67.31,"7' 9""",1.05,16,38.89,91.53,71.75
"126",2022,"Luke Donald","114",0,0,70.882,29,25.76,59.35,282.7,68.97,"9,490.333",288,29,64.81,-0.059,0.243,0.184,0.979,-0.904,0.168,3.98,2.97,4.79,61.24,14.68,11.93,10.1,78.15,53.37,"26' 8""","48' 4""",16.67,57.89,"7' 4""",6.45,19.05,32.69,86.3,70.75
"127",2022,"Luke List","21",3,1,70.182,43,24.24,53.8,316.4,72.92,"19,861.250",535,29.6,60,-0.835,1.798,0.964,0.682,0.7,0.416,3.97,3.04,4.51,66.21,19.61,16.46,7,80.47,62.75,"30' 11""","42' 9""",23.4,56.14,"7' 1""",4.48,15.73,32.04,84.4,68.38
"128",2022,"Mackenzie Hughes","41",2,0,70.05,39,24.42,59.84,296.2,67.28,"19,959.000",500,28.22,64.15,0.73,0.021,0.751,-0.016,-0.241,0.278,3.96,3.02,4.62,62.11,16.45,14.1,5.7,77.97,53.54,"31' 11""","56' 4""",13.24,61.82,"7' 5""",7.56,18.09,32.91,90,68.86
"129",2022,"Marc Leishman","18",3,0,70.313,41,27.85,56.95,305.3,69.3,"25,018.083",659,28.18,64.29,0.571,0.582,1.153,0.353,0.072,0.157,3.98,2.91,4.49,63.66,11.28,20.82,5.4,80.53,52.84,"30' 8""","49' 6""",23.36,54.1,"7' 9""",7.5,16.07,36.54,88.76,68.78
"130",2022,"Mark Hubbard","T120",0,0,70.465,30,22.22,59.9,280.9,66.67,"11,364.583",305,28.43,68.33,0.253,0.357,0.61,0.328,-0.278,0.306,4,3,4.55,61.96,13.19,17.45,5.5,78.49,55.36,"33' 0""","45' 7""",21.05,54.39,"6' 6""",8.86,17.39,25.53,88.5,70
"131",2022,"Martin Laird","T66",0,0,70.747,32,18.67,66.22,301.3,69.62,"17,380.917",482,29.31,62.86,-0.536,0.973,0.437,0.599,0.164,0.209,4.05,2.98,4.55,61.83,9.36,12.83,8.3,73.13,58.67,"31' 5""","40' 8""",17.46,46.34,"7' 0""",4.72,19.1,25.71,85.69,70.83
"132",2022,"Martin Trainer","198",2,0,71.819,43,24.8,52.27,302.9,64.08,"19,886.583",480,28.95,57.91,0.726,-1.522,-0.796,-1.005,-0.379,-0.138,4.07,3.11,4.65,64.43,19.95,17.76,7.9,83.28,48.24,"34' 9""","48' 8""",16.36,39.44,"7' 9""",9.09,21,32.2,89.38,71
"133",2022,"Matt Fitzpatrick","42",4,0,69.728,29,33.33,62.95,292.2,67.74,"10,714.167",287,28.54,69.54,0.539,1.514,2.053,0.635,0.409,0.47,4,3.04,4.41,62.06,13.24,12.33,7.3,77.88,54.89,"33' 3""","40' 9""",31.11,61.76,"6' 0""",4.11,15.38,35.9,89.97,70.17
"134",2022,"Matt Jones","59",1,0,71.051,43,21.55,53.24,305.3,66.41,"22,276.000",586,28.65,59.62,-0.224,0.605,0.381,-0.075,0.114,0.565,3.99,3.1,4.51,64.8,15.9,17.65,8.1,80.31,53.74,"31' 0""","46' 6""",19.19,49.33,"7' 2""",4.72,15.04,23.91,88.01,68.86
"135",2022,"Matt Kuchar","50",1,0,70.413,35,25,64.74,288.5,65.87,"19,457.417",502,27.74,71.16,0.43,0.185,0.616,-0.219,-0.242,0.647,3.95,2.99,4.62,61.99,11.89,16.02,7,76.11,49.71,"32' 9""","49' 2""",13.33,63.49,"6' 8""",2.46,12.5,29.73,90.66,69.57
"136",2022,"Matt Wallace","T204",1,0,71.975,24,12.68,55.76,302.3,65.05,"12,999.750",341,29.67,56.29,-0.303,-1.382,-1.685,-0.329,-0.861,-0.192,4.12,3,4.77,63.48,17.94,12.6,6.9,77.17,50.68,"34' 3""","39' 6""",28.89,46.88,"8' 5""",3.06,16.92,26.53,87.57,69.33
"137",2022,"Matthew NeSmith","T118",1,0,70.77,50,23.26,63.17,296.2,69.56,"25,451.833",679,29.62,60.22,-0.245,0.602,0.357,0.56,0.084,-0.042,4.04,3.03,4.63,62.21,13.03,14.94,3.1,78.34,52.17,"32' 2""","48' 4""",16.09,37.14,"7' 8""",4.6,14.17,28.21,87.78,70
"138",2022,"Matthew Wolff","89",2,0,71.134,34,20.45,52.33,317.3,65.77,"17,316.750",423,28.68,54.97,0.464,-0.587,-0.122,-0.573,-0.182,0.168,4.02,3.07,4.66,65.27,11.28,25.3,6.1,78.22,50.24,"33' 3""","51' 7""",25.81,42.86,"7' 2""",5.22,22.86,29.69,88.97,70.5
"139",2022,"Matthias Schwab","57",2,0,70.247,32,15.79,62.59,289,69.62,"10,807.917",305,29.13,61.14,0.587,0.371,0.958,0.351,-0.241,0.261,3.96,3.1,4.62,61.37,15.09,11.64,6,80.8,58.18,"32' 10""","41' 0""",5.26,63.41,"7' 3""",2.74,22.22,34.69,88.82,70.14
"140",2022,"Maverick McNealy","26",2,0,70.212,49,26.67,57.01,303.8,68.6,"23,753.417",628,28.46,56.92,0.449,0.567,1.017,0.224,0.355,-0.011,4.01,3,4.47,63.81,12.37,17.94,10.3,80.39,52.75,"31' 6""","46' 4""",29.47,45.83,"7' 7""",8.33,17.89,22.73,89.94,69.73
"141",2022,"Max Homa","27",2,1,70.581,39,25,60.32,305.1,68.67,"22,580.750",606,28.83,58.62,0.255,0.871,1.126,0.433,0.421,0.017,4.01,3.01,4.42,64.21,11.97,16.81,6.7,80.26,56.5,"30' 10""","46' 1""",32.38,42.55,"7' 8""",4.35,20.79,27.27,88.38,69.88
"142",2022,"Max McGreevy","169",1,0,71.376,38,27.35,63.1,286.1,64.04,"15,496.083",396,28.63,56.91,0.165,-0.497,-0.332,-0.156,-0.288,-0.053,4.06,3.07,4.63,60.33,15.67,12.67,6,74.55,49.74,"34' 10""","48' 6""",14.63,38.81,"7' 9""",5.05,13.89,33.33,88.4,70.2
"143",2022,"Michael Gligic","T196",0,0,72.277,33,19,56.18,296,65.82,"12,242.333",340,29.45,56.16,-0.763,-0.65,-1.413,-0.035,-0.145,-0.47,4.08,3.14,4.55,63.21,12.98,22.14,9.5,78.38,54.95,"30' 11""","45' 3""",20.51,40.68,"9' 0""",1.25,7.59,20.83,88.32,71.5
"144",2022,"Michael Thompson","98",1,0,71.242,48,15.52,64.92,285.3,63.77,"24,939.500",672,28.21,66.13,0.147,-0.407,-0.26,-0.373,-0.19,0.156,3.99,3.04,4.68,61.1,11.81,14.67,7,72.29,50.85,"32' 3""","47' 10""",23.75,63.29,"7' 6""",6.36,17.24,32.67,87.91,69.67
"145",2022,"Mito Pereira","82",1,0,70.421,49,17.82,59.23,301.8,71.09,"24,984.417",699,29.35,65.49,0.04,0.955,0.996,0.694,0.345,-0.084,3.96,3.07,4.64,63.25,18.44,11.36,6,82.04,59.78,"31' 0""","41' 11""",17.2,50,"7' 11""",2.7,13.87,34.86,88.67,69.7
"146",2022,"Nate Lashley","T77",1,0,70.903,45,23.58,63.08,294.3,67.78,"18,926.583",535,28.49,63.22,0.304,-0.052,0.253,-0.104,0.047,0.005,3.96,3.04,4.67,63.08,14.11,16.06,6.1,76.08,57.39,"29' 11""","48' 4""",16.36,43.64,"7' 6""",7.94,15.56,33.33,88.45,69.13
"147",2022,"Nick Hardy","T118",0,0,71.51,33,17.05,56.4,301.9,69.19,"12,227.167",338,29.33,57.92,-0.261,-0.309,-0.569,-0.191,0.345,-0.462,4.01,3.04,4.66,64.47,13.21,21.51,7.2,78.46,59.2,"31' 8""","43' 6""",20,46.94,"8' 3""",1.22,11.27,33.93,87.82,70.6
"148",2022,"Nick Taylor","T130",0,0,71.114,50,23.02,60.49,295.5,66,"24,218.833",624,28.68,64.71,-0.047,0.099,0.052,-0.008,0.033,0.074,4.01,3.11,4.63,61.87,16.25,14.79,9.8,78.47,51.28,"33' 10""","46' 10""",12,51.95,"7' 5""",7.41,15.2,30.85,86.92,70.73
"149",2022,"Nick Watney","155",1,0,71.465,48,15.32,54.26,303,69.33,"24,300.500",641,29.65,60,0.276,-0.098,0.178,0.256,-0.111,-0.243,4.02,3.12,4.68,63.32,15.06,17.87,6.4,79.61,61.44,"34' 1""","43' 1""",22.22,50.75,"8' 7""",7.77,17.07,37.04,88.42,70.25
"150",2022,"Pat Perez","151",2,0,71.12,40,23.42,57.74,286.9,62.78,"20,524.833",518,28.35,60.45,0.208,0,0.209,0.097,-0.344,0.247,4.06,3.06,4.6,60.1,18.25,13.75,5.5,70.66,51.29,"35' 0""","49' 7""",15.71,55,"6' 9""",6.25,13.16,25.33,88.15,70.57
"151",2022,"Patrick Cantlay","T13",4,0,69.949,25,21.95,60.77,304.4,68.43,"12,498.000",321,27.59,68,0.535,0.779,1.314,-0.177,0.5,0.455,3.93,2.99,4.29,65.73,15.81,13.83,6.3,80.42,56.56,"31' 10""","49' 9""",27.94,52,"6' 9""",6.15,23.64,15.69,91.1,68.8
"152",2022,"Patrick Reed","T135",1,0,71.859,43,19.8,57.86,285.3,64.58,"20,890.917",512,28.18,60.78,0.447,-1.336,-0.889,-0.647,-0.797,0.108,4.03,3.01,4.64,61.19,14.36,12.62,8.2,77.16,50.85,"35' 3""","48' 11""",15.49,54.55,"7' 6""",6.92,15.79,25.32,89.96,70.88
"153",2022,"Patrick Rodgers","143",2,0,71.078,43,14.55,48.75,305.2,68.6,"20,249.167",520,29.67,59.26,0.284,-0.056,0.229,-0.064,-0.111,0.12,4.05,3.03,4.63,64.56,15.87,21.16,7.8,81.57,56.82,"32' 0""","47' 6""",13.04,43.55,"8' 3""",6.12,16.83,29.63,88.76,71.43
"154",2022,"Patton Kizzire","54",1,0,71.01,48,26.96,53.59,302.1,68.29,"27,259.917",716,28.79,62.41,0.117,0.268,0.385,0.392,-0.064,-0.06,4,3.02,4.57,63.26,15.32,20,6.7,79.89,57.42,"32' 0""","47' 10""",26.92,55,"7' 7""",6.37,16.38,30.48,88.36,70.6
"155",2022,"Paul Barjon","141",1,0,71.813,35,16.83,56.94,306.7,66.83,"17,733.250",483,29.46,53.11,-0.147,-0.193,-0.34,-0.128,0.293,-0.358,4.07,3,4.68,63.65,15.9,16.71,7.5,80.73,52.88,"32' 4""","44' 7""",21.88,42.86,"8' 10""",7.27,16.04,24.14,88.37,70.8
"156",2022,"Paul Casey","79",1,0,70.866,21,30.95,56.35,303.7,67.59,"11,668.500",323,28.67,65.71,0.096,0.705,0.801,0.893,-0.2,0.011,4.02,2.97,4.58,62.95,14.34,18.33,5.2,82.39,49.09,"30' 6""","45' 5""",22.22,40,"7' 6""",14.29,19.05,20.41,87.13,72.75
"157",2022,"Peter Malnati","174",1,0,71.469,55,22,51.77,295.3,65.25,"25,272.583",698,28.56,59.3,-0.006,-0.217,-0.223,0.139,-0.338,-0.017,4.03,3.04,4.7,62.98,15.17,17.98,8.6,79.19,52.32,"31' 2""","43' 6""",21.79,48.31,"7' 6""",5.3,14.09,26.92,88.83,71.3
"158",2022,"Peter Uihlein","138",0,0,71.337,32,21.98,47.64,304.4,65.63,"9,107.833",247,28.94,59.09,-0.065,-0.014,-0.078,-0.051,-0.185,0.223,4.02,3.11,4.64,64.68,21.58,21.05,6.8,75.94,61.37,"34' 2""","39' 1""",12.12,57.63,"8' 4""",0,18.37,25,87.17,69.6
"159",2022,"Richy Werenski","206",0,0,72.252,36,22.12,56.97,290.3,64.66,"16,028.917",426,29.11,56.33,0.059,-0.939,-0.88,-0.318,-0.468,-0.154,4.08,3.11,4.69,61.16,14.42,18.1,4.3,71.99,56.81,"34' 2""","46' 10""",13.95,41.54,"7' 1""",6.84,17.72,31.75,88.3,71.5
"160",2022,"Rickie Fowler","91",1,0,71.185,33,26.44,56.99,314.2,65.99,"15,381.500",390,28.88,56.44,-0.475,0.547,0.073,0.092,0.222,0.233,4.04,3.02,4.64,64.34,12.7,18.24,6.8,79.69,43.65,"30' 5""","50' 9""",25,43.75,"7' 6""",5.77,10.29,27.78,86.81,71.5
"161",2022,"Robert Streb","112",3,0,71.018,43,12.61,61.19,298.5,64.21,"24,772.500",626,28.49,64.98,0.239,-0.2,0.039,-0.189,-0.156,0.145,4.06,3.05,4.54,62.63,15.3,10.48,7.8,75.35,48.03,"34' 8""","44' 4""",17.5,51.85,"8' 7""",1.92,21.37,29.07,88.68,70.14
"162",2022,"Roger Sloan","176",0,0,71.306,40,25.41,57.61,294.3,64.44,"19,719.000",517,28.8,56.64,-0.066,-0.213,-0.278,-0.154,-0.048,-0.01,4.03,3.11,4.67,63.34,14.14,18.18,3.3,79.56,47.44,"32' 1""","50' 0""",21.88,44.07,"6' 8""",6.25,20,32.53,86.57,70.8
"163",2022,"Rory Sabbatini","144",1,0,71.124,27,12,61.9,287.1,64.4,"14,595.667",391,28.33,64.16,0.414,-0.015,0.399,-0.374,-0.138,0.496,3.99,3.16,4.51,62,9.74,15.26,8.8,78.21,46.53,"34' 5""","40' 1""",24.39,45.45,"6' 11""",6,26.87,40.85,87.47,71.75
"164",2022,"Russell Henley","10",2,0,69.651,47,26.04,65.85,297.6,71.72,"23,277.750",662,28.36,61.16,0.194,1.376,1.571,1.105,-0.074,0.345,3.94,2.96,4.48,62.6,12.45,11.87,4.1,82.63,56.46,"31' 6""","41' 4""",22.47,45.31,"7' 4""",7.05,17.39,31.93,88.08,68.82
"165",2022,"Russell Knox","102",2,0,70.47,53,27.1,67.76,293.4,74.42,"25,395.417",756,30.15,60.25,-0.533,0.96,0.428,0.654,0.293,0.013,3.99,2.98,4.58,62.42,10.48,13.4,6.9,82.93,58.65,"29' 5""","44' 2""",19.48,37.5,"7' 1""",3.76,13.04,23.15,88.2,70.36
"166",2022,"Ryan Armour","126",0,0,71.259,28,20.97,72.12,287.7,69.25,"8,273.167",270,29.25,65.16,-0.032,0.286,0.254,0.215,0.437,-0.366,3.96,3.08,4.74,62.42,11.48,12.44,3.8,78.37,56.88,"27' 7""","47' 0""",21.74,60,"7' 6""",8.47,13.7,34.09,90.08,70
"167",2022,"Ryan Moore","166",0,0,71.713,23,29.41,65.73,288.2,70.29,"10,638.917",306,29.3,60.16,-0.42,0.327,-0.092,0.495,-0.251,0.084,4.02,3,4.56,61.67,10.92,13.03,6.3,81.99,58.18,"29' 6""","42' 5""",27.03,38.71,"8' 3""",0,10,30.95,88.47,72
"168",2022,"Ryan Palmer","108",0,0,70.969,33,17.53,53.86,305.1,69.53,"13,789.667",388,30.33,54.14,-0.71,0.681,-0.03,0.106,0.51,0.065,4.05,3.07,4.66,63.9,16.78,14.8,6.9,78.28,58.37,"30' 0""","44' 2""",34.04,55.56,"9' 0""",2.83,17.72,24.62,85.78,69.83
"169",2022,"Sahith Theegala","106",3,0,70.968,55,21.37,53.35,300.7,66.57,"28,447.333",733,28.89,64.05,-0.125,0.479,0.354,0.187,0.097,0.195,4.03,3.03,4.52,63.52,14.85,20.04,7.7,77.34,55.21,"31' 8""","49' 4""",25,47.19,"8' 1""",6.42,15.67,28.07,88.24,72.18
"170",2022,"Sam Burns","16",5,2,70.079,38,19.44,60.23,308.1,71.64,"24,137.000",660,28.45,63.92,0.385,1.098,1.483,0.724,0.157,0.218,3.95,2.96,4.47,64.16,12.11,14.45,6.8,83.02,56.19,"30' 4""","49' 11""",25.89,44.23,"7' 4""",7.14,17.97,27.66,89.04,69.63
"171",2022,"Sam Ryder","T100",2,0,71.179,52,20.61,57.36,293.3,64.1,"28,320.750",744,28.52,55.06,0.251,-0.295,-0.044,-0.113,-0.229,0.047,4.08,3.04,4.53,61.6,12.52,19.21,8.1,77.48,47.88,"32' 3""","48' 3""",20.2,43.53,"7' 8""",7.18,17.11,37.39,87.77,70.4
"172",2022,"Satoshi Kodaira","T61",0,0,70.523,18,23.91,66.8,278.9,69.44,"4,325.750",141,29.28,61.62,0.072,0.239,0.31,0.095,-0.114,0.257,3.99,3.18,4.54,61.86,11.61,9.82,8.9,81.21,48.78,"27' 5""","45' 0""",7.69,52.63,"8' 4""",4.35,26.67,25,86.9,71
"173",2022,"Scott Gutschewski","T171",0,0,71.731,30,17.65,56.56,295.2,69.07,"7,544.167",215,29.4,63.47,-0.631,0.199,-0.432,0.096,-0.27,0.373,3.99,3.08,4.67,62.78,18.18,23.03,7.9,80.59,60.99,"29' 7""","46' 10""",20,54.17,"7' 7""",3.57,8.89,31.03,87.89,70
"174",2022,"Scott Piercy","185",0,0,71.848,42,22.13,52.67,295.2,61.9,"22,671.000",569,28.33,60.76,-0.072,-0.407,-0.479,-0.257,-0.276,0.126,4.06,3.12,4.6,62.8,11.62,22.78,8.4,74.84,46.91,"34' 4""","46' 8""",14.1,53.03,"7' 10""",5.26,16.84,26.14,88.32,72.33
"175",2022,"Scott Stallings","T86",2,0,70.813,48,22.03,54.6,298.6,63.89,"24,152.500",646,28.38,63.46,0.458,-0.135,0.323,-0.199,-0.046,0.11,4,3.02,4.66,62.81,14.31,21.27,5.9,75.14,53.16,"33' 6""","41' 0""",22.22,60.32,"6' 11""",6.74,16.33,36.26,88.24,70.13
"176",2022,"Scottie Scheffler","12",6,3,69.87,49,27.08,57.19,308.9,71.56,"22,561.417",601,28.52,58.14,0.588,0.944,1.532,0.495,0.141,0.308,3.94,3.03,4.46,64.58,14.23,16.14,8.3,85.63,56.4,"30' 4""","44' 4""",22.12,51.85,"6' 7""",6.38,20.69,37.36,88.2,69
"177",2022,"Seamus Power","4",4,0,70.19,51,23.33,64.5,298.9,72.83,"21,284.417",585,28.72,65.33,0.355,0.225,0.58,0.011,0.246,-0.032,3.93,3.07,4.42,63.98,11.71,11.71,5.2,83.65,59.83,"31' 8""","45' 9""",27.96,54.69,"7' 5""",8.51,15.27,28.74,89.21,68.67
"178",2022,"Sean O'Hair","T127",0,0,71.378,20,20.83,67.51,292.8,64.72,"6,876.167",180,28.5,63.78,0.284,-0.766,-0.483,-0.874,-0.247,0.354,4.04,3.02,4.64,61.17,13.33,16.3,5.2,74.33,53.33,"35' 8""","44' 11""",11.76,65.12,"7' 0""",7.41,12,45.45,87.98,71
"179",2022,"Sebastián Muñoz","65",2,0,71.231,46,20.16,61.41,300.1,66.8,"23,021.583",624,29.33,58.37,-0.449,0.448,-0.001,0.065,0.289,0.093,4.03,3.04,4.61,63.04,11.09,17.45,7.4,78.42,53.48,"31' 3""","47' 6""",34.04,55.88,"7' 1""",3.75,23.48,21.11,85.44,71
"180",2022,"Sepp Straka","125",2,1,71.08,55,19.71,58.73,300.1,68.38,"22,880.500",637,29.31,59.8,0.295,-0.218,0.077,-0.097,0.058,-0.18,4.04,3.05,4.62,63.22,11.45,16.27,7,80.19,53.69,"31' 2""","46' 0""",25.61,52.94,"7' 4""",6.99,18.64,30,88.26,69.3
"181",2022,"Sergio Garcia","22",1,0,70.756,25,29.17,58.77,303,68.43,"13,099.750",320,28.55,64,0.456,0.22,0.676,-0.497,0.793,-0.077,4,3.06,4.45,64.1,15.08,18.65,4.8,82.87,51.97,"34' 10""","48' 2""",28.33,62.16,"7' 6""",9.52,13.24,35.14,88.75,70.6
"182",2022,"Seth Reeves","90",1,0,71.978,37,22.5,59.81,303,68.47,"12,323.417",339,29.41,50.48,-0.131,-0.513,-0.644,-0.214,0.477,-0.776,4.07,3.12,4.55,65.04,15.15,15.53,4.9,75,63.77,"31' 6""","43' 6""",18.75,36.76,"10' 6""",5.43,15.15,36.67,85.8,70.6
"183",2022,"Seung-Yul Noh","195",0,0,71.79,37,19.59,52.05,296.9,67.27,"13,653.917",354,29.46,56.88,0.095,-1.241,-1.146,-0.033,-1.146,-0.062,4.04,3.09,4.66,62.07,15.61,23.05,7.4,76.4,59.35,"32' 1""","48' 11""",17.95,50.88,"7' 3""",3.37,16.92,31.25,88,71.43
"184",2022,"Shane Lowry","T38",1,0,69.844,23,17.65,58.03,299.9,70.28,"10,440.333",320,28.65,69.16,0.569,0.916,1.485,0.66,0.27,-0.015,3.97,2.94,4.62,61.3,12.3,18.03,8.2,77.36,61.74,"26' 10""","47' 2""",29.03,68,"6' 8""",6.02,17.46,33.33,89.47,67.75
"185",2022,"Si Woo Kim","60",1,0,71.218,50,29.46,61.7,304,68.44,"26,698.917",712,28.62,63.3,-0.246,0.354,0.108,-0.13,0.48,0.004,4.01,3,4.48,64.26,10.85,18.33,5.7,80.3,53.97,"32' 9""","43' 2""",23.2,47.13,"7' 10""",3.49,17.69,27.27,87.23,70.45
"186",2022,"Stephan Jaeger","180",0,0,71.464,43,14.73,54.29,285.8,60.34,"22,943.167",588,28.35,61.89,0.26,-0.78,-0.519,-0.228,-1.06,0.509,4.08,3,4.72,60.5,17.75,15.73,7.4,72.76,47.06,"32' 6""","50' 2""",21.82,54.55,"6' 10""",3.73,19.64,36.59,87.31,71.5
"187",2022,"Stewart Cink","53",1,0,71.846,33,17.65,58.82,305.4,70.71,"19,146.083",534,29.36,53.45,-0.003,-0.695,-0.697,-0.086,-0.197,-0.412,4.02,3.08,4.57,63.82,16.14,13.73,6.3,80,56.61,"29' 10""","45' 3""",23.88,55,"8' 7""",6.38,10.09,32.94,87.93,70
"188",2022,"Sung Kang","74",0,0,71.659,52,26,60.69,293.5,68.59,"24,391.250",604,29.06,57.14,0.37,-0.869,-0.499,-0.316,-0.384,-0.169,4.04,3.04,4.6,62.53,12.18,17.31,5.8,78.03,54.06,"34' 9""","49' 6""",15.38,57.29,"8' 7""",5.81,20.35,45.88,86.06,69.67
"189",2022,"Sungjae Im","8",4,1,70.187,47,31.17,63.47,302.3,71.34,"27,252.333",734,28.55,70.04,0.331,1.116,1.447,0.101,0.524,0.49,3.93,3.03,4.46,63.87,12.74,15.53,5.9,80.82,59.11,"31' 6""","47' 3""",24.6,57.97,"6' 6""",5.56,16.3,36.19,89.26,68.7
"190",2022,"Talor Gooch","2",4,1,70.082,54,18,60.5,303,70.81,"28,135.500",768,28.31,61.94,0.093,0.986,1.078,0.632,-0.168,0.521,3.97,2.93,4.44,63.09,11.15,16.31,6.2,78.94,57.8,"30' 10""","48' 11""",26.13,57.47,"6' 11""",5.49,15.91,28.04,88.24,69.18
"191",2022,"Taylor Moore","116",1,0,71.184,40,23.3,62.34,300.7,67.64,"21,982.917",600,28.9,63.52,-0.047,0.022,-0.026,-0.257,0.165,0.114,4,3.07,4.67,63,13.03,15.17,5.8,80.06,54.55,"32' 3""","43' 8""",15.58,48.57,"7' 5""",6,16.8,27.71,87.42,70.43
"192",2022,"Taylor Pendrith","T66",1,0,70.855,51,24.81,55.7,314.1,69.72,"26,253.083",694,29.65,59.35,-0.08,0.307,0.227,-0.147,0.466,-0.012,4.02,3.01,4.63,65.82,14.81,17.04,8.1,81.82,58.41,"32' 3""","48' 7""",21.21,52.56,"8' 0""",6.04,13.04,35.56,87.09,71.2
"193",2022,"Tom Hoge","52",3,1,70.092,59,17.39,61.16,297.2,68.06,"25,743.917",746,28.34,69.25,-0.103,1.18,1.077,0.871,0.156,0.152,3.98,2.93,4.58,62.65,9.97,19.59,5.5,76.79,54.49,"29' 0""","46' 5""",30.1,47.06,"6' 10""",5.77,14.57,26.67,87.26,70.42
"194",2022,"Tommy Fleetwood","64",1,0,70.088,25,15.09,56.67,298.6,62.88,"12,345.083",320,28.18,63.95,0.461,0.602,1.063,-0.211,0.203,0.609,4.05,3.01,4.49,61.57,13.82,14.23,6.9,75.88,47.69,"33' 0""","50' 0""",22.45,57.14,"6' 10""",7.14,13.56,26.67,90.12,71.2
"195",2022,"Tony Finau","115",0,0,71.8,31,23.19,52.03,299.8,70.24,"13,066.667",370,29.18,58.67,-0.779,0.647,-0.132,0.552,0.24,-0.146,4.02,3.02,4.45,64.55,14.38,22.95,6.2,82.44,57.14,"29' 2""","40' 10""",29.33,44,"6' 6""",6.74,18.18,15.52,85.43,67.4
"196",2022,"Trey Mullinax","T109",1,0,71.51,40,21.05,55.32,314.7,65.28,"18,792.833",501,29.03,58.4,-0.252,0.099,-0.153,-0.344,0.503,-0.06,4.03,3.1,4.54,65.86,19.48,15.58,4.9,80.78,52.02,"31' 6""","43' 10""",26.03,55.56,"7' 8""",5.17,17.39,20.78,88.31,69.17
"197",2022,"Troy Merritt","T100",1,0,70.601,43,20.95,61.38,291.8,64.34,"19,241.000",537,28.21,65.22,0.118,0.249,0.368,0.281,0.073,-0.105,4.01,3.02,4.61,62.28,11.35,16.91,8,73.63,50.22,"31' 4""","43' 8""",29.41,41.79,"7' 11""",8.94,13.76,23.86,89.34,71.67
"198",2022,"Tyler Duncan","48",0,0,70.734,39,25.58,70.58,292.6,68.23,"13,154.750",393,28.62,63.68,-0.136,0.86,0.724,0.144,0.362,0.353,3.99,2.95,4.66,61.92,10.7,10.03,3.7,76.52,51.27,"30' 10""","41' 10""",20,51.85,"6' 6""",5.05,14.08,36.36,86.8,69.43
"199",2022,"Tyler McCumber","T135",1,0,71.937,28,14.61,53.25,313.1,66.87,"12,158.417",319,29.71,52.1,0.098,-1.353,-1.254,-0.468,-0.528,-0.355,4.14,3.05,4.61,65.02,13.52,19.67,5.7,81.95,51.11,"31' 11""","44' 1""",18.42,57.45,"9' 9""",6.52,16.67,37.74,85.84,68
"200",2022,"Tyrrell Hatton","25",2,0,70.141,26,37.04,55.3,300.8,64.9,"11,566.583",318,27.32,61.87,1.168,0.371,1.539,0.303,-0.051,0.118,4.03,2.97,4.44,62.1,15.04,17.89,4.1,74.85,57.04,"33' 1""","41' 6""",22.73,60,"7' 8""",12,16.67,32.65,91.88,70.2
"201",2022,"Vaughn Taylor","T109",1,0,70.967,30,20.25,67.39,281.8,66.11,"9,605.583",304,28.93,63.39,-0.513,0.45,-0.064,0.112,-0.003,0.341,4.01,3.06,4.62,61.36,14.47,11.91,6.4,75.09,55.88,"28' 11""","38' 8""",25,59.18,"6' 4""",6.45,16.92,23.08,87.26,69.17
"202",2022,"Viktor Hovland","19",4,1,70.213,37,19.44,64.29,306.2,71.9,"18,817.167",537,28.74,64.53,0.282,0.77,1.052,1.019,0.588,-0.838,3.93,2.99,4.47,64.6,10.58,14.42,5.5,80.39,54.71,"29' 5""","40' 11""",31.78,35.29,"8' 0""",3.2,18.92,35.87,88.05,69.13
"203",2022,"Vince Whaley","113",1,0,71.075,49,26.39,51.84,297.6,63.72,"22,149.167",554,28.53,56.88,0.252,-0.812,-0.56,-0.486,-0.075,-0.252,4.04,3,4.6,63.58,21.1,16.07,7,75.28,52.91,"32' 4""","51' 6""",18.18,50.65,"9' 3""",4.58,12.5,34.26,88.28,71.33
"204",2022,"Webb Simpson","17",1,0,70.609,27,16.67,61.75,298.3,68.52,"14,260.583",408,27.92,61.76,0.278,0.317,0.595,0.131,-0.178,0.364,3.94,3.02,4.54,62.76,14.87,13.61,7,79.51,53.54,"30' 2""","43' 9""",18.87,54.29,"6' 3""",5.62,17.81,28.95,90.07,68.8
"205",2022,"Wesley Bryan","173",0,0,71.612,23,20.9,59.87,290.4,61.35,"8,368.167",233,28.52,60.63,0.044,-0.689,-0.645,0.454,-1.057,-0.086,4.08,3.1,4.66,60.86,13.22,15.52,8,71.28,42.06,"31' 8""","45' 7""",25,60,"6' 0""",6.67,13.04,19.23,88.98,70.5
"206",2022,"Will Zalatoris","30",3,0,70.433,41,23.38,51.6,310.4,72.07,"17,861.583",486,29.17,62.43,-0.3,1.767,1.467,1.048,0.631,0.089,4.02,2.93,4.55,64.82,13.37,25.13,5.9,82.56,62.4,"29' 9""","47' 3""",18.75,50.98,"7' 6""",4.42,14.29,24.62,86.58,71
"207",2022,"William McGirt","189",0,0,71.217,22,9.43,62.42,285.3,68.94,"13,549.417",377,29.5,63.41,-0.271,-0.227,-0.498,-0.219,-0.401,0.392,4.04,3.02,4.62,61.24,11,15.12,9.3,75.39,57.39,"31' 11""","40' 4""",7.14,46.67,"7' 3""",0.95,14.1,22,90.41,71
"208",2022,"Wyndham Clark","T61",0,0,71.017,43,19.81,52.62,315,65.89,"20,530.250",513,28.58,62.88,0.452,-0.469,-0.017,-0.431,0.151,-0.19,4.01,2.99,4.68,65.48,16.83,16.08,5.3,79.1,53.21,"33' 2""","46' 2""",21.62,60.34,"8' 0""",5.71,19.23,30.14,89.85,70.88
"209",2022,"Xander Schauffele","5",1,0,70.297,33,24.14,61.06,308.8,69.63,"16,089.750",444,28.4,64.63,0.215,1.067,1.282,0.418,0.411,0.238,3.94,2.98,4.51,63.9,11.78,14.94,7.5,79.13,58.02,"31' 0""","41' 11""",28.05,70.27,"6' 5""",2.78,16.88,36.62,88.21,68.29
"210",2022,"Zach Johnson","182",0,0,71.366,34,17.89,60.64,281.5,63.73,"19,936.000",518,28.76,57.66,0.246,-0.714,-0.468,-0.465,-0.427,0.178,4.07,3.02,4.69,60.58,12,18.5,5.8,75.09,44.86,"32' 4""","49' 10""",7.5,53.13,"7' 9""",6.15,11.01,32.79,88.35,70.8
